name,download_count
ad_integration,17764
aide,343
bootloader,212824
certificate,26043
cockpit,224616
crypto_policies,162244
fapolicyd,2365
firewall,100263
gfs2,130
ha_cluster,3340
hpc,33
image_builder,5057
journald,231318
kdump,52702
kernel_settings,9082
keylime_server,126
logging,5551
metrics,5684
nbde_client,37451
nbde_server,34312
network,372685
pam_pwd,8019
podman,18894
postfix,156222
postgresql,9106
rhc,36593
selinux,206059
snapshot,135
ssh,5900
sshd,769420
storage,117661
sudo,1498
systemd,20938
timesync,977668
tlog,2523
trustee_client,7
trustee_server,4
tuned,24495
vpn,2488
