Role,Issues Created,Issues Closed,Created non-maint,Closed non-maint
ad_integration,0,0,0,0
aide,0,0,0,0
auditd,0,0,0,0
bootloader,0,0,0,0
certificate,0,0,0,0
cockpit,0,0,0,0
crypto_policies,0,0,0,0
fapolicyd,0,0,0,0
firewall,1,0,1,0
gfs2,0,0,0,0
ha_cluster,2,0,2,0
journald,1,0,1,0
kdump,0,0,0,0
kernel_settings,0,0,0,0
keylime_server,0,0,0,0
logging,0,0,0,0
metrics,0,0,0,0
nbde_server,0,0,0,0
network,0,0,0,0
podman,1,0,1,0
postfix,0,0,0,0
postgresql,0,0,0,0
rhc,0,0,0,0
selinux,1,0,1,0
snapshot,0,0,0,0
ssh,0,0,0,0
storage,0,0,0,0
sudo,0,0,0,0
systemd,0,0,0,0
timesync,0,0,0,0
tlog,0,0,0,0
trustee_client,0,0,0,0
trustee_server,0,0,0,0
vpn,0,0,0,0
hpc,0,0,0,0
ee_linux_system_roles,0,0,0,0
ee_linux_automation,0,0,0,0
tox-lsr,0,0,0,0
pam_pwd,0,0,0,0
nbde_client,1,0,1,0
mssql,0,0,0,0
ci-testing,0,0,0,0
lsr-woke-action,0,0,0,0
tuned,0,0,0,0
sap-base-settings,0,0,0,0
image_builder,0,0,0,0
sap-preconfigure,0,0,0,0
sap-netweaver-preconfigure,0,0,0,0
sap-hana-preconfigure,0,0,0,0
lsr-gh-action-py26,0,0,0,0
meta_test,0,0,0,0
experimental-azure-firstboot,0,0,0,0
ansible-sshd,0,0,0,0
