Role,PRs Created,PRs Merged,PRs open,Created non-maint,Merged non-maint,Open non-maint
ad_integration,4,3,1,0,0,0
aide,2,2,0,0,0,0
auditd,3,2,0,0,0,0
bootloader,2,2,0,0,0,0
certificate,2,2,0,0,0,0
cockpit,1,1,0,0,0,0
crypto_policies,1,1,0,0,0,0
fapolicyd,1,1,0,0,0,0
firewall,3,3,0,0,0,0
gfs2,1,1,0,0,0,0
ha_cluster,9,8,0,5,5,0
journald,2,1,1,1,0,1
kdump,1,1,0,0,0,0
kernel_settings,2,2,0,0,0,0
keylime_server,1,1,0,0,0,0
logging,1,1,0,0,0,0
metrics,2,2,0,0,0,0
nbde_server,3,3,0,0,0,0
network,7,7,0,1,1,0
podman,5,5,0,0,0,0
postfix,2,2,0,0,0,0
postgresql,3,3,0,0,0,0
rhc,4,4,0,0,0,0
selinux,2,2,0,0,0,0
snapshot,5,5,0,0,0,0
ssh,1,1,0,0,0,0
storage,5,5,0,0,0,0
sudo,2,2,0,1,1,0
systemd,1,1,0,0,0,0
timesync,2,2,0,0,0,0
tlog,2,2,0,0,0,0
trustee_client,6,6,0,0,0,0
trustee_server,6,6,0,0,0,0
vpn,2,2,0,0,0,0
hpc,13,11,0,2,1,0
ee_linux_system_roles,0,0,0,0,0,0
ee_linux_automation,0,0,0,0,0,0
tox-lsr,4,4,0,0,0,0
pam_pwd,1,1,0,0,0,0
nbde_client,4,4,0,0,0,0
mssql,6,3,1,2,0,1
ci-testing,0,0,0,0,0,0
lsr-woke-action,0,0,0,0,0,0
tuned,0,0,0,0,0,0
sap-base-settings,0,0,0,0,0,0
image_builder,0,0,0,0,0,0
sap-preconfigure,0,0,0,0,0,0
sap-netweaver-preconfigure,0,0,0,0,0,0
sap-hana-preconfigure,0,0,0,0,0,0
lsr-gh-action-py26,0,0,0,0,0,0
meta_test,0,0,0,0,0,0
experimental-azure-firstboot,0,0,0,0,0,0
ansible-sshd,4,3,0,4,3,0
