Role,2024-Q2,2024-Q3,2024-Q4,2025-Q1,2025-Q2,2025-Q3,2025-Q4,2026-Q1,2026-Q2
ad_integration,1939.0,2057.0,2186.0,2973.0,3833.0,5679.0,6635.0,9364.0,10327
aide,,,10.0,20.0,51.0,57.0,117.0,151.0,161
bootloader,13107.0,33376.0,54054.0,83028.0,100856.0,134197.0,148269.0,169124.0,173619
certificate,2802.0,4604.0,5373.0,7629.0,10068.0,13149.0,16073.0,19776.0,20472
cockpit,119964.0,140254.0,159504.0,170083.0,176608.0,187289.0,197714.0,209019.0,210668
crypto_policies,55355.0,63712.0,72739.0,82589.0,93245.0,108984.0,123909.0,140400.0,142652
fapolicyd,15.0,22.0,30.0,381.0,830.0,1317.0,1465.0,1693.0,1767
firewall,59228.0,62329.0,63999.0,66606.0,68855.0,74352.0,79973.0,89187.0,90719
gfs2,9.0,13.0,21.0,30.0,43.0,45.0,52.0,86.0,86
ha_cluster,1701.0,1854.0,1906.0,2136.0,2290.0,2583.0,2820.0,3080.0,3100
hpc,,,,,,2.0,9.0,31.0,31
image_builder,2889.0,2896.0,2905.0,3031.0,3094.0,3141.0,3931.0,4190.0,4304
journald,16429.0,37060.0,58077.0,87360.0,105400.0,140491.0,157354.0,183325.0,188265
kdump,36385.0,40156.0,42162.0,44064.0,45337.0,46114.0,47320.0,49360.0,49580
kernel_settings,4755.0,4998.0,5209.0,5761.0,6270.0,6717.0,7340.0,8263.0,8454
keylime_server,15.0,19.0,26.0,33.0,41.0,48.0,55.0,82.0,82
logging,1447.0,1507.0,1772.0,2146.0,2311.0,2523.0,3545.0,4155.0,4363
metrics,3322.0,3387.0,3408.0,3540.0,3609.0,3679.0,4484.0,4764.0,4881
nbde_client,7414.0,9274.0,9876.0,10518.0,11030.0,13631.0,18929.0,29359.0,30676
nbde_server,5296.0,7139.0,7738.0,8365.0,8861.0,11389.0,16481.0,26664.0,27935
network,229496.0,241486.0,251104.0,263428.0,276585.0,298601.0,319754.0,343090.0,346370
pam_pwd,59.0,73.0,503.0,836.0,1491.0,3360.0,4979.0,6037.0,6330
podman,1491.0,1611.0,1900.0,2213.0,2637.0,4655.0,7582.0,11134.0,11446
postfix,115836.0,116962.0,118752.0,122501.0,125337.0,130739.0,136279.0,144807.0,146095
postgresql,3345.0,4109.0,4776.0,5400.0,6065.0,6864.0,7491.0,8149.0,8246
rhc,1468.0,2179.0,2972.0,4998.0,7309.0,12289.0,17093.0,25442.0,26503
selinux,131885.0,139481.0,144182.0,153520.0,159901.0,170548.0,179788.0,189789.0,191683
snapshot,3.0,8.0,15.0,22.0,31.0,48.0,58.0,90.0,90
ssh,1381.0,1401.0,1428.0,1581.0,1730.0,2224.0,3461.0,4209.0,4371
sshd,148997.0,204841.0,260198.0,322480.0,381876.0,464483.0,546739.0,640123.0,650940
storage,78617.0,85352.0,90633.0,96214.0,100126.0,104374.0,108109.0,111580.0,112064
sudo,46.0,105.0,153.0,170.0,215.0,264.0,709.0,1035.0,1125
systemd,107.0,454.0,768.0,1829.0,2970.0,6674.0,9902.0,14945.0,15561
timesync,562478.0,620621.0,679959.0,742285.0,784023.0,844359.0,883525.0,913662.0,920887
tlog,2360.0,2397.0,2406.0,2414.0,2436.0,2446.0,2456.0,2485.0,2485
trustee_client,,,,,,,,,0
trustee_server,,,,,,,,,0
tuned,19294.0,20035.0,20417.0,20694.0,20986.0,21224.0,22081.0,22564.0,22772
vpn,177.0,184.0,197.0,327.0,373.0,428.0,1228.0,1515.0,1634
